"Date","Price","Open","High","Low","Vol.","Change %"
"05-08-2024","110.826","138.288","139.091","110.155","30.21M","-19.79%"
"04-08-2024","138.174","142.442","146.004","131.836","9.60M","-3.00%"
"03-08-2024","142.442","152.837","153.893","140.109","7.40M","-6.80%"
"02-08-2024","152.837","167.480","169.337","150.067","8.07M","-8.76%"
"01-08-2024","167.504","171.678","172.776","158.034","8.05M","-2.43%"
"31-07-2024","171.678","179.084","184.270","171.678","4.87M","-4.12%"
"30-07-2024","179.061","182.550","184.683","175.628","4.55M","-1.94%"
"29-07-2024","182.606","184.906","193.890","181.681","5.72M","-1.24%"
"28-07-2024","184.904","183.818","186.579","181.303","2.79M","0.59%"
"27-07-2024","183.818","183.058","188.137","178.149","4.98M","0.42%"
"26-07-2024","183.058","171.842","183.506","171.842","4.41M","6.53%"
"25-07-2024","171.837","178.142","179.549","165.693","6.74M","-3.51%"
"24-07-2024","178.082","173.003","182.383","171.035","5.05M","2.94%"
"23-07-2024","173.000","178.961","180.495","170.868","5.13M","-3.33%"
"22-07-2024","178.958","184.414","184.860","176.837","4.47M","-2.96%"
"21-07-2024","184.414","173.614","184.959","170.733","5.01M","6.22%"
"20-07-2024","173.607","169.155","174.965","167.361","3.06M","2.63%"
"19-07-2024","169.153","159.214","171.244","156.287","6.56M","6.25%"
"18-07-2024","159.209","155.477","161.546","155.304","3.63M","2.50%"
"17-07-2024","155.325","160.620","163.602","154.712","4.10M","-3.24%"
"16-07-2024","160.527","159.614","162.444","152.744","5.54M","0.57%"
"15-07-2024","159.616","147.694","159.933","147.053","4.94M","8.08%"
"14-07-2024","147.687","141.884","148.536","141.884","4.19M","4.09%"
"13-07-2024","141.884","139.497","143.508","137.991","2.20M","1.71%"
"12-07-2024","139.497","135.734","140.504","134.091","4.19M","2.74%"
"11-07-2024","135.776","142.082","145.511","135.735","4.78M","-4.43%"
"10-07-2024","142.077","141.368","145.963","138.669","3.85M","0.50%"
"09-07-2024","141.368","139.713","144.039","136.548","4.78M","1.16%"
"08-07-2024","139.747","131.492","141.723","128.120","7.88M","6.30%"
"07-07-2024","131.462","143.101","143.288","131.355","3.76M","-8.16%"
"06-07-2024","143.147","134.306","144.084","132.452","4.11M","6.58%"
"05-07-2024","134.309","127.674","136.137","121.261","10.68M","5.20%"
"04-07-2024","127.674","140.774","142.676","127.292","7.37M","-9.29%"
"03-07-2024","140.744","153.905","154.439","139.490","6.14M","-8.55%"
"02-07-2024","153.909","146.671","154.946","146.142","4.07M","4.94%"
"01-07-2024","146.669","146.553","149.088","145.871","3.68M","0.07%"
"30-06-2024","146.560","140.189","147.427","137.177","3.35M","4.55%"
"29-06-2024","140.185","139.961","143.008","139.713","2.68M","0.18%"
"28-06-2024","139.930","149.713","150.387","139.015","5.03M","-6.53%"
"27-06-2024","149.703","136.793","150.960","135.224","6.31M","9.43%"
"26-06-2024","136.796","136.573","140.325","134.910","3.63M","0.16%"
"25-06-2024","136.573","132.326","139.822","131.208","6.08M","3.25%"
"24-06-2024","132.275","128.638","132.546","123.337","8.62M","2.82%"
"23-06-2024","128.644","133.692","135.071","128.219","2.44M","-3.77%"
"22-06-2024","133.689","134.529","136.625","133.101","1.97M","-0.63%"
"21-06-2024","134.536","133.527","135.309","128.772","4.77M","0.76%"
"20-06-2024","133.527","135.652","141.118","131.977","5.02M","-1.56%"
"19-06-2024","135.646","137.394","141.771","134.658","4.66M","-1.26%"
"18-06-2024","137.376","143.225","143.750","129.144","9.04M","-4.08%"
"17-06-2024","143.225","151.265","151.731","139.984","4.56M","-5.31%"
"16-06-2024","151.256","145.505","151.256","143.095","2.05M","3.96%"
"15-06-2024","145.500","143.056","145.687","142.962","1.94M","1.71%"
"14-06-2024","143.050","147.242","148.939","139.857","4.57M","-2.85%"
"13-06-2024","147.250","155.229","155.237","146.046","3.73M","-5.15%"
"12-06-2024","155.237","149.351","161.663","145.513","5.58M","3.94%"
"11-06-2024","149.351","159.048","159.644","145.666","5.57M","-6.10%"
"10-06-2024","159.049","162.129","163.123","157.623","2.59M","-1.90%"
"09-06-2024","162.136","157.818","163.014","156.625","2.18M","2.73%"
"08-06-2024","157.829","162.504","163.716","157.403","2.69M","-2.88%"
"07-06-2024","162.504","170.114","172.583","155.049","5.11M","-4.47%"
"06-06-2024","170.106","173.491","174.371","167.754","3.07M","-1.95%"
"05-06-2024","173.491","171.784","175.565","171.207","3.80M","1.00%"
"04-06-2024","171.778","164.898","171.859","164.446","3.29M","4.13%"
"03-06-2024","164.958","163.243","167.095","161.793","3.57M","1.05%"
"02-06-2024","163.241","166.116","167.055","161.415","2.61M","-1.73%"
"01-06-2024","166.116","165.580","167.857","165.580","1.65M","0.32%"
"31-05-2024","165.580","166.847","170.821","164.024","3.82M","-0.79%"
"30-05-2024","166.895","168.276","172.361","163.638","4.86M","-0.83%"
"29-05-2024","168.291","168.695","173.765","167.307","4.60M","-0.24%"
"28-05-2024","168.694","170.132","173.139","165.068","5.32M","-0.84%"
"27-05-2024","170.124","163.356","172.203","163.356","4.17M","4.14%"
"26-05-2024","163.354","168.379","168.388","161.180","4.30M","-2.99%"
"25-05-2024","168.385","167.775","170.406","166.077","3.03M","0.36%"
"24-05-2024","167.785","176.040","176.077","162.703","6.89M","-4.69%"
"23-05-2024","176.040","176.955","180.710","167.284","8.44M","-0.56%"
"22-05-2024","177.027","178.179","183.244","175.100","5.95M","-0.65%"
"21-05-2024","178.179","186.752","188.752","174.507","7.58M","-4.61%"
"20-05-2024","186.788","169.932","188.229","167.848","6.98M","9.92%"
"19-05-2024","169.936","172.441","175.372","166.432","3.45M","-1.45%"
"18-05-2024","172.441","169.439","175.983","168.742","3.86M","1.77%"
"17-05-2024","169.441","159.320","171.959","159.301","5.47M","6.36%"
"16-05-2024","159.306","158.285","164.395","156.778","6.09M","0.65%"
"15-05-2024","158.285","142.021","158.730","141.362","6.79M","11.45%"
"14-05-2024","142.023","147.395","148.949","141.927","4.73M","-3.66%"
"13-05-2024","147.411","143.417","150.564","138.008","5.92M","2.78%"
"12-05-2024","143.417","145.389","147.731","142.893","1.92M","-1.36%"
"11-05-2024","145.391","146.032","147.551","143.254","3.06M","-0.44%"
"10-05-2024","146.032","152.814","155.560","144.769","5.90M","-4.43%"
"09-05-2024","152.795","142.169","153.202","140.643","5.30M","7.45%"
"08-05-2024","142.206","148.057","149.925","140.046","6.00M","-3.96%"
"07-05-2024","148.062","152.825","159.087","147.994","5.93M","-3.12%"
"06-05-2024","152.825","145.692","156.586","145.481","6.19M","4.90%"
"05-05-2024","145.692","146.056","147.966","143.255","3.24M","-0.25%"
"04-05-2024","146.057","143.650","147.803","142.376","4.00M","1.68%"
"03-05-2024","143.639","137.645","144.897","136.019","6.31M","4.35%"
"02-05-2024","137.648","134.642","140.670","128.284","7.71M","2.23%"
"01-05-2024","134.643","126.737","135.697","119.180","11.14M","6.24%"
"30-04-2024","126.740","137.718","139.687","121.528","8.60M","-7.95%"
"29-04-2024","137.686","137.973","138.890","133.513","5.85M","-0.15%"
"28-04-2024","137.895","141.306","144.586","137.178","4.14M","-2.41%"
"27-04-2024","141.306","139.104","142.952","133.850","5.50M","1.58%"
"26-04-2024","139.104","144.803","146.034","138.885","5.25M","-3.94%"
"25-04-2024","144.808","147.739","149.438","142.245","7.35M","-1.98%"
"24-04-2024","147.739","154.742","159.748","145.734","8.56M","-4.53%"
"23-04-2024","154.743","156.978","159.976","153.141","5.73M","-1.42%"
"22-04-2024","156.979","148.794","158.372","146.867","6.92M","5.51%"
"21-04-2024","148.785","151.150","153.334","146.915","5.12M","-1.56%"
"20-04-2024","151.138","142.362","152.226","139.718","6.72M","6.17%"
"19-04-2024","142.362","142.076","147.425","128.627","15.07M","0.23%"
"18-04-2024","142.037","131.892","143.720","128.002","10.57M","7.67%"
"17-04-2024","131.919","136.227","142.648","127.087","13.42M","-3.16%"
"16-04-2024","136.227","138.535","140.403","126.639","15.13M","-1.64%"
"15-04-2024","138.499","151.416","155.920","133.876","16.13M","-8.53%"
"14-04-2024","151.412","138.641","152.499","130.816","21.55M","9.21%"
"13-04-2024","138.641","153.255","154.838","119.471","26.82M","-9.55%"
"12-04-2024","153.281","172.374","175.891","142.597","11.54M","-11.11%"
"11-04-2024","172.432","173.313","176.257","170.184","6.30M","-0.52%"
"10-04-2024","173.329","172.389","175.431","163.229","7.87M","0.54%"
"09-04-2024","172.390","180.691","180.853","169.362","6.29M","-4.59%"
"08-04-2024","180.691","179.527","184.501","175.498","5.28M","0.64%"
"07-04-2024","179.541","178.698","182.620","176.961","3.53M","0.47%"
"06-04-2024","178.703","174.370","179.699","173.604","3.91M","2.49%"
"05-04-2024","174.368","184.007","185.025","168.038","6.98M","-5.23%"
"04-04-2024","183.999","185.090","190.099","180.251","5.30M","-0.58%"
"03-04-2024","185.076","181.428","191.625","177.085","6.61M","2.00%"
"02-04-2024","181.446","192.228","192.228","175.973","8.15M","-5.61%"
"01-04-2024","192.224","202.510","204.194","187.311","6.50M","-5.08%"
"31-03-2024","202.510","194.211","203.075","193.747","3.84M","4.27%"
"30-03-2024","194.221","192.105","199.812","190.938","4.94M","1.10%"
"29-03-2024","192.107","189.473","192.949","183.558","5.15M","1.39%"
"28-03-2024","189.482","186.230","190.838","180.923","5.21M","1.77%"
"27-03-2024","186.180","190.460","192.546","180.341","7.23M","-2.25%"
"26-03-2024","190.465","188.977","196.509","186.378","6.33M","0.79%"
"25-03-2024","188.979","183.692","194.458","181.085","7.35M","2.89%"
"24-03-2024","183.676","172.641","186.564","171.392","5.04M","6.39%"
"23-03-2024","172.641","175.077","178.755","170.502","5.04M","-1.40%"
"22-03-2024","175.087","179.403","181.643","167.718","8.20M","-2.41%"
"21-03-2024","179.417","191.772","195.408","175.909","10.33M","-6.50%"
"20-03-2024","191.897","169.890","193.103","162.719","16.47M","12.95%"
"19-03-2024","169.894","195.847","198.548","166.249","21.79M","-13.26%"
"18-03-2024","195.866","201.814","209.917","194.427","14.86M","-2.95%"
"17-03-2024","201.830","182.071","204.396","178.884","13.62M","10.85%"
"16-03-2024","182.079","183.854","197.783","177.242","17.08M","-0.68%"
"15-03-2024","183.334","176.523","188.803","165.177","23.17M","3.86%"
"14-03-2024","176.523","163.914","177.989","159.632","14.17M","7.70%"
"13-03-2024","163.907","151.053","166.580","148.824","10.57M","8.51%"
"12-03-2024","151.054","148.803","154.890","141.877","12.21M","1.52%"
"11-03-2024","148.791","144.413","150.070","136.848","10.64M","3.04%"
"10-03-2024","144.407","144.279","148.515","140.599","6.32M","0.12%"
"09-03-2024","144.238","144.765","149.122","143.799","5.65M","-0.35%"
"08-03-2024","144.748","143.863","152.672","142.149","10.23M","0.60%"
"07-03-2024","143.888","130.733","149.033","130.676","13.99M","10.06%"
"06-03-2024","130.734","125.365","134.886","120.184","11.35M","4.38%"
"05-03-2024","125.249","132.896","142.507","111.792","20.50M","-5.75%"
"04-03-2024","132.896","130.213","134.933","127.540","9.69M","2.05%"
"03-03-2024","130.220","130.078","132.076","124.848","6.20M","0.11%"
"02-03-2024","130.078","129.914","131.620","127.399","5.71M","0.13%"
"01-03-2024","129.914","125.621","137.554","125.602","10.16M","3.44%"
"29-02-2024","125.588","118.878","134.492","117.433","16.95M","5.65%"
"28-02-2024","118.877","108.400","118.877","107.284","14.27M","9.67%"
"27-02-2024","108.398","109.856","112.200","105.667","7.72M","-1.32%"
"26-02-2024","109.851","103.469","110.693","100.352","6.79M","6.16%"
"25-02-2024","103.475","104.012","104.405","102.081","2.45M","-0.52%"
"24-02-2024","104.012","99.828","104.691","98.507","2.96M","4.19%"
"23-02-2024","99.827","101.751","103.084","98.786","4.41M","-1.91%"
"22-02-2024","101.774","105.064","107.045","101.524","4.96M","-3.13%"
"21-02-2024","105.059","108.325","108.341","100.267","6.18M","-2.99%"
"20-02-2024","108.292","111.465","112.092","104.863","7.17M","-2.85%"
"19-02-2024","111.465","112.214","114.772","111.011","4.68M","-0.66%"
"18-02-2024","112.206","108.912","114.033","107.535","3.72M","3.02%"
"17-02-2024","108.913","110.341","111.057","105.826","3.48M","-1.29%"
"16-02-2024","110.341","113.543","114.253","108.211","4.92M","-2.83%"
"15-02-2024","113.555","116.967","118.340","111.556","6.18M","-2.91%"
"14-02-2024","116.959","112.502","118.649","110.714","6.18M","3.96%"
"13-02-2024","112.502","111.803","114.860","108.414","7.12M","0.62%"
"12-02-2024","111.803","107.445","112.211","103.525","7.55M","4.06%"
"11-02-2024","107.439","109.031","110.625","107.289","3.52M","-1.46%"
"10-02-2024","109.032","106.935","110.858","106.914","5.03M","1.99%"
"09-02-2024","106.909","102.771","108.815","102.763","8.23M","4.04%"
"08-02-2024","102.760","101.059","104.912","100.562","7.17M","1.68%"
"07-02-2024","101.058","96.848","101.409","94.755","5.76M","4.34%"
"06-02-2024","96.850","95.626","97.858","93.314","5.53M","1.28%"
"05-02-2024","95.624","95.442","98.633","94.193","4.80M","0.20%"
"04-02-2024","95.435","97.940","98.528","95.106","3.54M","-2.56%"
"03-02-2024","97.940","100.546","101.165","96.709","3.64M","-2.59%"
"02-02-2024","100.542","97.803","102.495","97.452","6.94M","2.80%"
"01-02-2024","97.803","97.040","98.015","93.143","8.65M","0.78%"
"31-01-2024","97.043","101.373","102.581","96.090","10.67M","-4.28%"
"30-01-2024","101.377","101.617","106.318","101.033","8.76M","-0.23%"
"29-01-2024","101.613","95.982","101.880","95.103","7.24M","5.87%"
"28-01-2024","95.982","94.266","99.420","93.422","6.86M","1.89%"
"27-01-2024","94.201","92.272","94.481","90.720","3.54M","2.16%"
"26-01-2024","92.209","86.877","93.662","86.100","6.02M","6.13%"
"25-01-2024","86.880","88.771","89.585","85.173","5.12M","-2.13%"
"24-01-2024","88.769","84.296","89.305","83.315","7.35M","5.30%"
"23-01-2024","84.303","83.841","85.924","79.009","10.07M","0.57%"
"22-01-2024","83.829","91.053","91.867","82.350","8.67M","-7.94%"
"21-01-2024","91.055","92.756","93.892","90.830","2.41M","-1.83%"
"20-01-2024","92.756","93.649","94.230","90.268","3.32M","-0.96%"
"19-01-2024","93.655","94.354","95.309","87.055","7.77M","-0.74%"
"18-01-2024","94.352","102.078","103.424","91.679","7.74M","-7.56%"
"17-01-2024","102.070","97.598","102.691","96.884","8.70M","4.57%"
"16-01-2024","97.607","94.358","98.682","94.189","4.57M","3.40%"
"15-01-2024","94.398","93.900","96.870","93.166","4.49M","0.58%"
"14-01-2024","93.855","95.781","103.110","93.767","7.68M","-2.00%"
"13-01-2024","95.774","92.058","97.039","89.590","5.22M","4.06%"
"12-01-2024","92.039","99.862","100.427","87.660","7.95M","-7.83%"
"11-01-2024","99.862","102.050","107.040","97.780","11.41M","-2.12%"
"10-01-2024","102.024","99.370","105.323","92.350","10.77M","2.67%"
"09-01-2024","99.370","97.899","103.898","95.484","10.42M","1.54%"
"08-01-2024","97.860","89.347","99.910","85.331","12.28M","9.55%"
"07-01-2024","89.328","93.728","96.713","87.928","6.84M","-4.69%"
"06-01-2024","93.728","99.930","100.227","91.618","6.18M","-6.21%"
"05-01-2024","99.930","104.876","105.301","95.605","8.01M","-4.72%"
"04-01-2024","104.876","98.536","108.042","96.776","8.73M","6.43%"
"03-01-2024","98.536","106.720","109.887","86.141","15.16M","-7.67%"
"02-01-2024","106.720","109.728","116.920","106.052","9.66M","-2.65%"
"01-01-2024","109.628","101.590","109.668","101.558","5.57M","7.91%"
"31-12-2023","101.590","101.808","105.151","99.597","4.84M","-0.21%"
"30-12-2023","101.808","106.166","107.360","100.862","4.93M","-4.11%"
"29-12-2023","106.166","101.845","109.726","99.632","11.74M","4.24%"
"28-12-2023","101.845","106.766","109.442","97.302","12.92M","-4.62%"
"27-12-2023","106.782","112.603","115.232","105.099","11.25M","-5.17%"
"26-12-2023","112.603","120.761","121.291","103.265","15.42M","-6.76%"
"25-12-2023","120.761","112.514","125.506","108.164","13.74M","7.37%"
"24-12-2023","112.471","107.948","117.912","107.504","15.82M","4.19%"
"23-12-2023","107.948","97.964","109.638","92.869","10.51M","10.18%"
"22-12-2023","97.972","93.908","99.342","90.659","15.05M","4.31%"
"21-12-2023","93.920","82.164","95.465","81.187","15.31M","14.31%"
"20-12-2023","82.164","73.068","83.992","72.986","13.60M","12.43%"
"19-12-2023","73.078","74.418","76.352","71.833","7.64M","-1.77%"
"18-12-2023","74.394","70.799","75.380","67.130","9.17M","5.17%"
"17-12-2023","70.737","73.733","74.914","70.594","6.50M","-4.05%"
"16-12-2023","73.724","72.503","77.191","71.279","7.21M","1.62%"
"15-12-2023","72.545","75.686","79.454","72.214","11.17M","-4.15%"
"14-12-2023","75.686","70.596","76.186","69.682","9.45M","7.21%"
"13-12-2023","70.598","68.550","72.457","64.058","10.30M","2.99%"
"12-12-2023","68.550","70.297","72.388","65.962","9.92M","-2.48%"
"11-12-2023","70.297","74.871","74.919","65.783","15.88M","-5.96%"
"10-12-2023","74.750","72.317","74.839","70.734","7.65M","3.36%"
"09-12-2023","72.319","74.896","77.550","71.848","11.33M","-3.44%"
"08-12-2023","74.896","67.798","75.242","67.798","14.15M","10.48%"
"07-12-2023","67.791","61.898","69.322","61.677","13.53M","9.53%"
"06-12-2023","61.896","60.959","66.631","60.959","13.83M","1.54%"
"05-12-2023","60.959","61.575","62.548","59.153","7.72M","-1.00%"
"04-12-2023","61.572","62.988","65.243","60.081","10.40M","-2.25%"
"03-12-2023","62.988","63.795","65.419","62.329","6.52M","-1.28%"
"02-12-2023","63.807","59.756","63.898","59.674","6.29M","6.78%"
"01-12-2023","59.754","59.199","61.846","58.614","6.66M","0.94%"
"30-11-2023","59.199","59.292","61.646","58.858","5.67M","-0.16%"
"29-11-2023","59.294","58.184","61.706","57.766","9.66M","1.89%"
"28-11-2023","58.192","55.055","58.634","53.978","7.11M","5.69%"
"27-11-2023","55.060","57.559","58.040","53.590","6.16M","-4.34%"
"26-11-2023","57.559","58.809","59.007","56.260","4.24M","-2.13%"
"25-11-2023","58.809","56.870","59.715","55.895","5.31M","3.42%"
"24-11-2023","56.863","56.412","58.712","56.242","5.28M","0.80%"
"23-11-2023","56.412","57.538","59.506","56.192","6.23M","-1.86%"
"22-11-2023","57.482","51.691","58.825","51.650","9.83M","11.20%"
"21-11-2023","51.691","56.574","57.316","51.401","12.95M","-8.63%"
"20-11-2023","56.574","61.087","61.199","56.234","8.92M","-7.43%"
"19-11-2023","61.114","58.566","62.011","56.724","9.09M","4.38%"
"18-11-2023","58.552","58.497","59.313","54.856","9.19M","0.09%"
"17-11-2023","58.497","57.823","60.442","54.205","14.71M","1.18%"
"16-11-2023","57.815","65.527","68.076","56.552","18.33M","-11.81%"
"15-11-2023","65.555","56.820","67.030","56.234","16.38M","15.37%"
"14-11-2023","56.820","51.639","57.751","51.603","15.40M","9.98%"
"13-11-2023","51.662","56.350","59.800","51.635","14.45M","-8.32%"
"12-11-2023","56.350","56.375","61.823","54.617","13.54M","-0.01%"
"11-11-2023","56.354","56.677","63.576","53.636","18.65M","-0.57%"
"10-11-2023","56.677","45.305","57.442","45.095","19.27M","25.02%"
"09-11-2023","45.335","43.132","48.777","42.529","16.80M","5.12%"
"08-11-2023","43.127","42.946","43.866","42.295","6.00M","0.42%"
"07-11-2023","42.946","42.171","44.442","40.236","12.27M","1.80%"
"06-11-2023","42.187","41.157","42.190","39.687","7.07M","2.51%"
"05-11-2023","41.154","42.426","42.826","40.297","5.78M","-2.99%"
"04-11-2023","42.424","39.454","42.675","39.032","9.18M","7.53%"
"03-11-2023","39.452","40.246","40.250","38.072","12.86M","-1.97%"
"02-11-2023","40.246","41.113","44.501","38.762","18.19M","-2.11%"
"01-11-2023","41.113","38.401","46.479","37.926","25.10M","7.07%"
"31-10-2023","38.398","34.942","38.561","34.862","12.76M","9.89%"
"30-10-2023","34.942","32.830","35.199","32.385","9.62M","6.51%"
"29-10-2023","32.805","31.632","33.142","31.312","4.67M","3.71%"
"28-10-2023","31.632","31.724","32.500","31.413","3.13M","-0.29%"
"27-10-2023","31.724","32.780","33.305","31.456","7.87M","-3.22%"
"26-10-2023","32.780","32.448","33.242","30.777","9.53M","1.04%"
"25-10-2023","32.444","30.160","33.841","30.038","13.17M","7.57%"
"24-10-2023","30.160","31.922","32.552","29.592","13.77M","-5.52%"
"23-10-2023","31.922","29.051","32.709","28.770","15.07M","9.89%"
"22-10-2023","29.049","29.325","29.992","28.123","6.55M","-1.00%"
"21-10-2023","29.343","27.020","30.165","26.665","11.47M","8.60%"
"20-10-2023","27.020","24.927","27.350","24.732","9.71M","8.33%"
"19-10-2023","24.942","23.420","25.434","23.181","7.60M","6.51%"
"18-10-2023","23.417","23.934","24.360","23.380","3.99M","-2.16%"
"17-10-2023","23.934","23.954","24.520","23.579","5.52M","-0.08%"
"16-10-2023","23.952","21.914","24.583","21.900","8.67M","9.30%"
"15-10-2023","21.914","22.000","22.152","21.670","1.82M","-0.35%"
"14-10-2023","21.990","21.838","22.220","21.808","1.55M","0.69%"
"13-10-2023","21.840","21.299","22.175","21.120","2.97M","2.54%"
"12-10-2023","21.299","22.008","22.032","21.032","3.40M","-3.26%"
"11-10-2023","22.015","22.098","22.416","21.630","3.55M","-0.38%"
"10-10-2023","22.098","22.100","22.459","21.703","2.81M","0.01%"
"09-10-2023","22.097","23.222","23.370","21.782","4.87M","-4.85%"
"08-10-2023","23.224","23.301","23.613","23.101","2.21M","-0.34%"
"07-10-2023","23.303","23.701","23.824","23.091","3.43M","-0.77%"
"06-10-2023","23.483","22.670","23.731","22.670","5.05M","3.59%"
"05-10-2023","22.670","23.140","23.730","22.592","4.05M","-2.03%"
"04-10-2023","23.140","23.608","23.776","22.665","4.83M","-1.98%"
"03-10-2023","23.608","23.360","24.697","23.268","7.03M","1.06%"
"02-10-2023","23.360","23.887","24.671","22.930","8.00M","-2.19%"
"01-10-2023","23.883","21.364","24.433","21.138","7.77M","11.79%"
"30-09-2023","21.364","20.280","21.762","20.100","4.41M","5.34%"
"29-09-2023","20.280","19.960","20.424","19.853","3.29M","1.60%"
"28-09-2023","19.960","19.127","19.976","19.105","3.97M","4.35%"
"27-09-2023","19.127","19.026","19.460","18.762","3.39M","0.53%"
"26-09-2023","19.026","19.398","19.520","18.868","2.50M","-1.92%"
"25-09-2023","19.398","19.362","19.736","19.140","2.24M","0.20%"
"24-09-2023","19.358","19.488","19.654","19.278","1.33M","-0.66%"
"23-09-2023","19.488","19.428","19.563","19.290","1.17M","0.31%"
"22-09-2023","19.428","19.463","19.780","19.172","2.36M","-0.18%"
"21-09-2023","19.463","20.292","20.292","19.313","4.02M","-4.11%"
"20-09-2023","20.297","20.030","20.508","19.818","3.43M","1.33%"
"19-09-2023","20.030","19.650","20.362","19.582","3.76M","1.95%"
"18-09-2023","19.648","18.822","20.122","18.613","4.87M","4.39%"
"17-09-2023","18.822","19.130","19.132","18.682","1.31M","-1.61%"
"16-09-2023","19.130","19.143","19.421","18.885","1.83M","-0.05%"
"15-09-2023","19.140","18.852","19.433","18.567","2.91M","1.54%"
"14-09-2023","18.850","18.398","19.300","18.398","5.38M","2.46%"
"13-09-2023","18.398","17.912","18.520","17.708","5.12M","2.72%"
"12-09-2023","17.910","17.738","18.690","17.570","5.94M","0.98%"
"11-09-2023","17.736","18.238","18.438","17.396","6.02M","-2.71%"
"10-09-2023","18.230","19.432","19.440","17.850","6.86M","-6.19%"
"09-09-2023","19.432","19.608","19.610","19.385","846.26K","-0.91%"
"08-09-2023","19.610","19.904","20.270","19.395","2.43M","-1.48%"
"07-09-2023","19.904","19.640","19.990","19.340","2.92M","1.34%"
"06-09-2023","19.640","20.258","20.370","19.206","4.10M","-3.05%"
"05-09-2023","20.258","19.520","20.571","19.047","5.07M","3.80%"
"04-09-2023","19.517","19.572","19.998","19.181","2.62M","-0.28%"
"03-09-2023","19.572","19.500","19.668","19.256","1.34M","0.37%"
"02-09-2023","19.500","19.322","19.678","19.146","1.73M","0.92%"
"01-09-2023","19.322","19.737","19.920","19.080","3.33M","-2.05%"
"31-08-2023","19.727","20.812","21.008","19.481","4.82M","-5.21%"
"30-08-2023","20.812","21.792","21.958","20.600","3.17M","-4.50%"
"29-08-2023","21.792","20.568","21.982","20.118","6.61M","5.95%"
"28-08-2023","20.568","20.790","20.790","20.086","2.10M","-1.07%"
"27-08-2023","20.790","20.288","20.908","20.240","1.37M","2.47%"
"26-08-2023","20.288","20.420","20.422","20.206","937.78K","-0.65%"
"25-08-2023","20.420","21.058","21.058","20.096","2.95M","-3.03%"
"24-08-2023","21.058","21.738","22.018","20.684","3.36M","-3.13%"
"23-08-2023","21.738","20.584","21.784","20.448","4.59M","5.61%"
"22-08-2023","20.584","21.192","21.262","19.557","4.50M","-2.86%"
"21-08-2023","21.190","21.770","21.772","20.448","3.36M","-2.65%"
"20-08-2023","21.768","21.900","22.014","21.596","1.34M","-0.60%"
"19-08-2023","21.900","21.346","22.150","21.308","2.11M","2.59%"
"18-08-2023","21.348","21.698","22.172","20.976","4.84M","-1.62%"
"17-08-2023","21.700","22.816","23.416","20.265","7.70M","-4.89%"
"16-08-2023","22.816","23.920","24.016","22.438","5.48M","-4.72%"
"15-08-2023","23.946","25.180","25.280","23.744","4.84M","-4.89%"
"14-08-2023","25.176","24.230","25.271","24.117","3.66M","3.90%"
"13-08-2023","24.230","24.902","24.940","24.216","2.34M","-2.70%"
"12-08-2023","24.902","24.616","25.128","24.396","2.25M","1.15%"
"11-08-2023","24.618","24.605","24.898","24.354","2.94M","0.05%"
"10-08-2023","24.605","24.385","24.860","24.135","3.08M","0.90%"
"09-08-2023","24.385","24.210","24.984","24.122","4.70M","0.72%"
"08-08-2023","24.210","23.117","24.740","23.026","5.92M","4.77%"
"07-08-2023","23.109","23.197","23.579","22.418","3.78M","-0.38%"
"06-08-2023","23.197","22.648","23.432","22.578","3.07M","2.42%"
"05-08-2023","22.648","22.796","22.926","22.311","2.16M","-0.65%"
"04-08-2023","22.796","22.640","23.558","22.508","4.07M","0.69%"
"03-08-2023","22.640","23.148","23.372","22.484","3.63M","-2.19%"
"02-08-2023","23.148","24.050","24.234","22.930","4.22M","-3.59%"
"01-08-2023","24.010","23.722","24.040","23.012","4.53M","1.22%"
"31-07-2023","23.720","24.250","24.780","23.608","3.99M","-2.19%"
"30-07-2023","24.250","25.158","25.210","23.763","3.53M","-3.62%"
"29-07-2023","25.160","24.820","25.380","24.755","2.26M","1.37%"
"28-07-2023","24.820","25.100","25.522","24.554","3.60M","-1.12%"
"27-07-2023","25.102","25.174","25.634","24.700","5.27M","-0.35%"
"26-07-2023","25.190","23.270","25.581","23.182","7.50M","8.25%"
"25-07-2023","23.270","23.370","23.578","22.767","3.35M","-0.43%"
"24-07-2023","23.370","24.763","24.830","22.917","5.22M","-5.61%"
"23-07-2023","24.760","24.522","25.248","24.233","3.14M","0.98%"
"22-07-2023","24.520","25.492","25.960","24.260","2.99M","-3.81%"
"21-07-2023","25.492","25.378","25.994","25.098","4.23M","0.48%"
"20-07-2023","25.371","26.310","27.358","25.096","6.37M","-3.60%"
"19-07-2023","26.320","25.554","26.980","25.378","6.48M","3.00%"
"18-07-2023","25.554","26.804","27.062","24.793","8.12M","-4.66%"
"17-07-2023","26.804","27.420","28.455","25.794","10.59M","-2.25%"
"16-07-2023","27.420","27.461","28.553","26.764","8.11M","-0.13%"
"15-07-2023","27.456","26.675","29.072","26.547","12.93M","2.91%"
"14-07-2023","26.679","25.991","30.574","25.309","23.77M","2.63%"
"13-07-2023","25.995","21.938","26.651","21.450","19.22M","18.47%"
"12-07-2023","21.942","22.078","22.720","21.776","7.45M","-0.62%"
"11-07-2023","22.078","21.298","22.305","21.212","5.53M","3.63%"
"10-07-2023","21.305","21.325","21.790","20.532","6.75M","-0.17%"
"09-07-2023","21.342","21.823","22.332","21.042","4.59M","-2.21%"
"08-07-2023","21.823","21.495","22.447","21.329","7.76M","1.54%"
"07-07-2023","21.493","19.616","21.698","19.298","11.56M","9.43%"
"06-07-2023","19.641","18.992","20.964","18.860","11.93M","3.43%"
"05-07-2023","18.990","19.134","19.376","18.476","3.19M","-0.75%"
"04-07-2023","19.134","19.234","19.928","19.080","3.86M","-0.52%"
"03-07-2023","19.234","19.460","19.640","18.890","3.79M","-1.17%"
"02-07-2023","19.462","18.719","19.718","18.559","5.97M","3.97%"
"01-07-2023","18.719","18.858","18.983","17.919","4.08M","-0.74%"
"30-06-2023","18.858","17.988","19.930","17.330","13.57M","4.83%"
"29-06-2023","17.990","15.968","18.238","15.885","9.57M","12.68%"
"28-06-2023","15.965","16.622","16.648","15.712","5.32M","-3.95%"
"27-06-2023","16.622","16.262","16.920","16.140","3.85M","2.21%"
"26-06-2023","16.262","16.962","17.112","15.986","3.98M","-4.14%"
"25-06-2023","16.964","16.642","17.380","16.573","3.45M","1.94%"
"24-06-2023","16.642","17.142","17.525","16.392","3.53M","-2.92%"
"23-06-2023","17.142","16.634","17.512","16.218","6.42M","3.06%"
"22-06-2023","16.634","17.237","17.725","16.582","4.33M","-3.55%"
"21-06-2023","17.245","16.633","17.402","16.570","5.53M","3.68%"
"20-06-2023","16.633","16.102","16.653","15.758","4.10M","3.29%"
"19-06-2023","16.102","15.448","16.130","15.368","2.41M","4.23%"
"18-06-2023","15.448","15.640","15.828","15.340","1.94M","-1.23%"
"17-06-2023","15.640","15.320","16.093","15.170","3.12M","2.09%"
"16-06-2023","15.320","14.787","15.450","14.454","3.94M","3.60%"
"15-06-2023","14.787","14.490","15.049","14.189","5.38M","2.07%"
"14-06-2023","14.488","15.037","15.336","14.140","4.82M","-3.66%"
"13-06-2023","15.038","15.191","15.931","14.780","5.77M","-1.00%"
"12-06-2023","15.190","15.550","15.649","14.759","6.09M","-2.32%"
"11-06-2023","15.551","15.622","16.142","15.142","7.04M","-0.46%"
"10-06-2023","15.623","17.398","17.398","13.330","20.69M","-10.20%"
"09-06-2023","17.398","18.890","19.325","17.125","6.20M","-7.91%"
"08-06-2023","18.892","18.633","19.093","18.258","3.15M","1.42%"
"07-06-2023","18.627","20.390","20.512","18.527","5.40M","-8.65%"
"06-06-2023","20.390","19.993","20.685","19.265","5.77M","1.95%"
"05-06-2023","20.000","21.830","22.052","19.353","8.37M","-8.38%"
"04-06-2023","21.830","21.195","22.290","21.035","3.61M","3.02%"
"03-06-2023","21.190","21.262","21.345","20.994","1.48M","-0.32%"
"02-06-2023","21.258","20.497","21.372","20.325","2.66M","3.71%"
"01-06-2023","20.497","20.820","20.983","20.437","2.29M","-1.56%"
"31-05-2023","20.823","21.253","21.326","20.435","2.84M","-2.02%"
"30-05-2023","21.253","20.572","21.396","20.472","4.46M","3.31%"
"29-05-2023","20.572","20.800","20.974","20.280","2.84M","-1.10%"
"28-05-2023","20.802","20.422","21.165","20.302","3.53M","1.85%"
"27-05-2023","20.424","19.353","20.512","19.330","2.00M","5.55%"
"26-05-2023","19.350","19.250","19.553","19.093","1.44M","0.52%"
"25-05-2023","19.250","19.213","19.540","18.798","2.37M","0.19%"
"24-05-2023","19.213","20.030","20.070","18.852","3.80M","-4.07%"
"23-05-2023","20.028","19.530","20.166","19.426","3.28M","2.55%"
"22-05-2023","19.530","19.612","19.997","19.370","3.02M","-0.42%"
"21-05-2023","19.612","20.290","20.390","19.413","2.57M","-3.34%"
"20-05-2023","20.290","20.350","20.360","20.113","1.28M","-0.29%"
"19-05-2023","20.350","20.347","20.563","20.267","1.66M","0.01%"
"18-05-2023","20.347","21.047","21.090","20.127","3.67M","-3.33%"
"17-05-2023","21.047","20.673","21.182","20.440","3.49M","1.81%"
"16-05-2023","20.673","20.987","21.133","20.450","3.77M","-1.51%"
"15-05-2023","20.990","20.944","21.504","20.622","3.93M","0.22%"
"14-05-2023","20.944","20.832","21.234","20.632","1.97M","0.54%"
"13-05-2023","20.832","20.906","21.277","20.792","2.31M","-0.35%"
"12-05-2023","20.906","20.184","20.936","19.830","4.36M","3.57%"
"11-05-2023","20.184","20.934","20.934","19.797","4.78M","-3.57%"
"10-05-2023","20.932","20.658","21.297","19.999","6.52M","1.26%"
"09-05-2023","20.673","20.632","20.997","20.427","3.22M","0.19%"
"08-05-2023","20.632","21.657","21.807","20.003","7.05M","-4.72%"
"07-05-2023","21.655","21.928","22.734","21.655","3.80M","-1.25%"
"06-05-2023","21.928","22.825","23.224","21.613","3.87M","-3.93%"
"05-05-2023","22.825","21.740","23.043","21.656","4.96M","4.99%"
"04-05-2023","21.740","22.220","22.472","21.616","3.21M","-2.16%"
"03-05-2023","22.220","22.250","22.282","21.254","5.12M","-0.14%"
"02-05-2023","22.252","21.952","22.374","21.760","3.28M","1.26%"
"01-05-2023","21.975","22.739","22.880","21.600","5.00M","-3.36%"
"30-04-2023","22.739","23.186","23.902","22.739","4.05M","-1.93%"
"29-04-2023","23.186","23.348","23.778","22.934","4.04M","-0.69%"
"28-04-2023","23.348","22.332","23.471","22.184","6.06M","4.55%"
"27-04-2023","22.332","21.284","22.494","21.180","5.97M","4.92%"
"26-04-2023","21.284","21.920","22.937","20.476","8.43M","-2.90%"
"25-04-2023","21.920","21.380","21.962","20.736","4.28M","2.53%"
"24-04-2023","21.380","21.470","21.982","21.036","3.84M","-0.42%"
"23-04-2023","21.470","21.795","22.237","21.012","3.47M","-1.49%"
"22-04-2023","21.795","21.267","21.972","21.067","2.44M","2.48%"
"21-04-2023","21.267","22.197","22.390","21.070","6.04M","-4.13%"
"20-04-2023","22.183","22.683","23.134","21.605","7.76M","-2.20%"
"19-04-2023","22.683","24.823","24.969","22.072","9.38M","-8.62%"
"18-04-2023","24.823","24.572","25.436","24.023","5.02M","1.03%"
"17-04-2023","24.569","25.365","25.960","24.358","8.00M","-3.12%"
"16-04-2023","25.360","24.050","25.457","23.845","4.59M","5.46%"
"15-04-2023","24.047","24.723","24.778","23.825","3.80M","-2.73%"
"14-04-2023","24.723","24.437","25.463","23.765","9.00M","1.17%"
"13-04-2023","24.437","23.790","25.243","23.655","7.93M","2.73%"
"12-04-2023","23.788","22.982","24.400","22.336","13.85M","3.50%"
"11-04-2023","22.982","20.897","23.675","20.827","11.98M","9.94%"
"10-04-2023","20.904","20.282","20.950","20.082","2.49M","3.05%"
"09-04-2023","20.285","20.043","20.425","19.900","1.37M","1.20%"
"08-04-2023","20.043","20.446","20.726","19.900","2.40M","-1.97%"
"07-04-2023","20.446","20.623","20.773","20.253","1.76M","-0.84%"
"06-04-2023","20.620","20.963","20.988","20.466","2.33M","-1.67%"
"05-04-2023","20.970","20.922","21.333","20.632","3.58M","0.23%"
"04-04-2023","20.922","20.446","21.238","20.324","3.31M","2.33%"
"03-04-2023","20.446","20.520","20.990","19.992","5.70M","-0.38%"
"02-04-2023","20.524","21.080","21.294","20.250","2.28M","-2.60%"
"01-04-2023","21.072","21.165","21.310","20.796","2.24M","-0.44%"
"31-03-2023","21.165","20.547","21.462","20.072","4.18M","2.97%"
"30-03-2023","20.555","21.110","21.648","20.160","5.96M","-2.63%"
"29-03-2023","21.110","20.460","21.536","20.430","4.44M","3.21%"
"28-03-2023","20.453","19.900","20.820","19.620","4.68M","2.78%"
"27-03-2023","19.900","20.954","20.982","19.448","4.72M","-5.04%"
"26-03-2023","20.957","20.425","21.117","20.295","2.38M","2.60%"
"25-03-2023","20.425","20.659","20.969","20.129","3.11M","-1.13%"
"24-03-2023","20.659","22.184","22.270","20.308","8.00M","-6.87%"
"23-03-2023","22.184","21.434","22.741","21.172","7.73M","3.54%"
"22-03-2023","21.425","22.574","23.062","21.019","12.39M","-5.09%"
"21-03-2023","22.574","22.150","23.316","21.578","9.94M","1.93%"
"20-03-2023","22.147","21.855","23.893","21.448","15.17M","1.34%"
"19-03-2023","21.855","21.218","22.428","21.214","6.10M","3.02%"
"18-03-2023","21.215","21.628","22.850","21.091","10.59M","-1.89%"
"17-03-2023","21.624","19.697","21.669","19.437","9.17M","9.79%"
"16-03-2023","19.697","19.261","19.888","18.927","6.62M","2.26%"
"15-03-2023","19.261","20.914","21.463","18.773","11.64M","-7.90%"
"14-03-2023","20.914","20.428","22.081","19.802","14.88M","2.40%"
"13-03-2023","20.425","20.184","21.367","18.907","16.74M","1.19%"
"12-03-2023","20.184","18.113","20.452","17.757","9.04M","11.43%"
"11-03-2023","18.113","18.202","18.896","17.011","9.26M","-0.52%"
"10-03-2023","18.208","17.326","18.352","16.060","15.88M","5.00%"
"09-03-2023","17.341","18.410","18.745","16.819","12.51M","-5.81%"
"08-03-2023","18.410","20.236","20.380","18.214","9.32M","-9.02%"
"07-03-2023","20.236","20.610","20.950","19.732","5.23M","-1.81%"
"06-03-2023","20.610","20.970","21.140","20.490","3.70M","-1.74%"
"05-03-2023","20.974","20.988","21.663","20.850","3.06M","-0.07%"
"04-03-2023","20.988","21.423","21.598","20.330","2.20M","-2.03%"
"03-03-2023","21.423","21.997","22.017","20.470","5.33M","-2.61%"
"02-03-2023","21.997","22.520","22.633","21.680","3.17M","-2.32%"
"01-03-2023","22.520","21.880","22.854","21.670","3.37M","2.93%"
"28-02-2023","21.880","22.677","22.740","21.784","3.45M","-3.52%"
"27-02-2023","22.677","23.274","23.400","22.337","5.08M","-2.56%"
"26-02-2023","23.274","22.377","23.514","22.223","3.56M","4.00%"
"25-02-2023","22.378","23.080","23.310","21.508","5.47M","-3.04%"
"24-02-2023","23.080","23.912","24.118","22.526","6.20M","-3.50%"
"23-02-2023","23.918","24.162","24.680","23.626","5.59M","-1.01%"
"22-02-2023","24.162","24.980","25.210","23.252","9.48M","-3.27%"
"21-02-2023","24.980","26.260","26.598","24.617","8.79M","-4.82%"
"20-02-2023","26.245","24.860","27.043","24.214","13.67M","5.53%"
"19-02-2023","24.869","23.453","25.584","23.228","10.60M","6.04%"
"18-02-2023","23.453","23.148","23.905","22.932","3.53M","1.32%"
"17-02-2023","23.148","22.282","23.535","22.077","6.07M","3.83%"
"16-02-2023","22.293","23.880","24.133","22.227","9.34M","-6.65%"
"15-02-2023","23.880","21.840","23.930","21.462","7.47M","9.33%"
"14-02-2023","21.842","20.774","22.306","20.684","9.76M","5.13%"
"13-02-2023","20.777","21.500","21.569","19.780","8.57M","-3.37%"
"12-02-2023","21.502","20.813","22.364","20.630","5.91M","3.31%"
"11-02-2023","20.813","20.122","20.901","20.102","2.61M","3.43%"
"10-02-2023","20.122","20.480","21.190","19.699","7.25M","-1.75%"
"09-02-2023","20.480","23.215","23.342","20.065","8.53M","-11.78%"
"08-02-2023","23.215","23.832","24.180","22.832","5.16M","-2.56%"
"07-02-2023","23.825","22.652","23.937","22.568","6.46M","5.18%"
"06-02-2023","22.652","23.464","23.722","22.536","4.68M","-3.46%"
"05-02-2023","23.464","24.350","24.452","23.048","6.07M","-3.64%"
"04-02-2023","24.350","24.670","24.933","24.253","2.64M","-1.30%"
"03-02-2023","24.670","24.254","25.069","24.057","6.79M","1.72%"
"02-02-2023","24.254","25.007","26.130","24.157","10.40M","-2.93%"
"01-02-2023","24.986","23.923","25.190","22.540","10.57M","4.44%"
"31-01-2023","23.923","23.966","24.400","23.507","5.77M","-0.18%"
"30-01-2023","23.966","26.103","26.305","23.395","10.79M","-8.17%"
"29-01-2023","26.097","24.010","26.748","23.757","10.70M","8.67%"
"28-01-2023","24.016","24.424","25.117","23.783","4.72M","-1.66%"
"27-01-2023","24.420","24.349","24.917","23.441","7.30M","0.29%"
"26-01-2023","24.349","24.510","25.197","23.897","7.66M","-0.66%"
"25-01-2023","24.510","22.767","25.368","22.320","12.13M","7.66%"
"24-01-2023","22.767","24.316","25.170","22.452","8.78M","-6.37%"
"23-01-2023","24.316","24.222","24.884","23.901","9.47M","0.39%"
"22-01-2023","24.222","24.550","25.413","23.666","10.59M","-1.32%"
"21-01-2023","24.547","25.550","26.424","24.547","19.01M","-3.93%"
"20-01-2023","25.550","21.420","25.703","20.951","14.86M","19.28%"
"19-01-2023","21.420","20.849","21.836","20.440","9.27M","2.74%"
"18-01-2023","20.849","22.870","23.577","20.534","16.64M","-8.84%"
"17-01-2023","22.870","23.578","23.936","22.779","9.21M","-3.00%"
"16-01-2023","23.578","22.890","24.859","22.370","16.39M","2.97%"
"15-01-2023","22.897","24.233","24.813","22.056","17.06M","-5.57%"
"14-01-2023","24.247","18.287","24.641","18.206","39.69M","32.59%"
"13-01-2023","18.287","16.600","18.577","16.330","16.31M","10.16%"
"12-01-2023","16.600","16.365","16.930","15.714","14.51M","1.48%"
"11-01-2023","16.357","16.194","16.572","15.334","10.45M","1.01%"
"10-01-2023","16.194","16.258","16.690","15.604","13.99M","-0.44%"
"09-01-2023","16.266","14.446","17.453","14.304","31.73M","12.32%"
"08-01-2023","14.482","13.094","14.599","12.860","9.87M","10.60%"
"07-01-2023","13.094","13.500","13.508","13.026","3.28M","-3.15%"
"06-01-2023","13.520","13.420","13.576","12.740","9.15M","0.75%"
"05-01-2023","13.420","13.442","13.850","12.954","9.58M","-0.14%"
"04-01-2023","13.438","13.377","14.166","12.861","20.70M","0.51%"
"03-01-2023","13.370","11.274","13.646","11.018","22.97M","18.59%"
"02-01-2023","11.274","10.000","11.637","9.815","13.25M","12.74%"
"01-01-2023","10.000","9.955","10.080","9.705","4.58M","0.45%"
"31-12-2022","9.955","9.903","10.170","9.670","6.79M","0.61%"
"30-12-2022","9.895","9.647","10.121","9.029","23.46M","2.45%"
"29-12-2022","9.658","9.760","9.928","8.085","20.96M","-1.04%"
"28-12-2022","9.760","11.090","11.110","9.480","13.99M","-11.99%"
"27-12-2022","11.090","11.339","11.430","10.732","5.10M","-2.20%"
"26-12-2022","11.339","11.390","11.485","11.102","2.91M","-0.41%"
"25-12-2022","11.385","11.450","11.550","11.250","1.73M","-0.57%"
"24-12-2022","11.450","11.781","11.790","11.205","4.62M","-2.84%"
"23-12-2022","11.785","11.810","12.105","11.725","3.12M","-0.21%"
"22-12-2022","11.810","12.140","12.185","11.684","3.75M","-2.72%"
"21-12-2022","12.140","12.265","12.280","11.905","3.19M","-1.06%"
"20-12-2022","12.270","11.940","12.475","11.845","3.77M","2.76%"
"19-12-2022","11.940","12.380","12.580","11.690","4.97M","-3.48%"
"18-12-2022","12.370","12.510","12.599","12.275","2.57M","-1.08%"
"17-12-2022","12.505","12.281","12.535","11.940","4.94M","1.86%"
"16-12-2022","12.276","14.040","14.164","12.021","8.15M","-12.60%"
"15-12-2022","14.046","14.124","14.500","13.880","4.65M","-0.55%"
"14-12-2022","14.124","13.877","14.936","13.807","8.27M","1.73%"
"13-12-2022","13.883","13.314","14.106","12.780","6.00M","4.28%"
"12-12-2022","13.314","13.420","13.480","12.831","4.32M","-0.82%"
"11-12-2022","13.423","13.577","13.790","13.397","1.83M","-1.13%"
"10-12-2022","13.577","13.580","13.700","13.543","1.38M","-0.02%"
"09-12-2022","13.580","13.690","14.007","13.510","3.64M","-0.80%"
"08-12-2022","13.690","13.493","13.763","13.280","3.13M","1.46%"
"07-12-2022","13.493","14.300","14.324","13.470","4.03M","-5.64%"
"06-12-2022","14.300","13.825","14.351","13.810","4.87M","3.45%"
"05-12-2022","13.823","13.707","14.165","13.600","5.42M","0.82%"
"04-12-2022","13.710","13.293","13.750","13.272","2.44M","3.14%"
"03-12-2022","13.293","13.713","13.753","13.235","2.63M","-3.07%"
"02-12-2022","13.713","13.510","13.783","13.337","4.04M","1.55%"
"01-12-2022","13.504","14.144","14.184","13.406","4.02M","-4.61%"
"30-11-2022","14.157","13.350","14.285","13.273","6.17M","6.07%"
"29-11-2022","13.346","13.324","13.930","13.156","4.34M","0.16%"
"28-11-2022","13.324","14.107","14.166","12.786","8.10M","-5.58%"
"27-11-2022","14.111","14.170","14.440","14.056","3.61M","-0.39%"
"26-11-2022","14.166","14.014","14.920","13.976","4.68M","1.12%"
"25-11-2022","14.010","14.586","14.590","13.912","4.79M","-3.95%"
"24-11-2022","14.586","14.362","14.904","13.848","7.88M","1.56%"
"23-11-2022","14.362","12.429","14.438","12.403","12.71M","15.62%"
"22-11-2022","12.422","11.836","12.494","10.960","8.81M","4.95%"
"21-11-2022","11.836","12.274","12.277","11.296","8.00M","-3.57%"
"20-11-2022","12.274","12.834","13.463","12.135","6.63M","-4.33%"
"19-11-2022","12.830","12.677","12.964","12.643","4.32M","-2.70%"
"18-11-2022","13.186","13.723","13.723","12.996","4.88M","-3.96%"
"17-11-2022","13.730","14.173","14.477","12.973","10.01M","-3.13%"
"16-11-2022","14.173","14.311","14.601","13.653","6.17M","-0.99%"
"15-11-2022","14.315","13.989","15.050","13.832","10.94M","2.33%"
"14-11-2022","13.989","13.157","14.953","12.163","16.92M","6.33%"
"13-11-2022","13.157","14.544","14.702","13.043","10.92M","-9.54%"
"12-11-2022","14.544","16.451","16.451","14.474","9.72M","-11.59%"
"11-11-2022","16.451","17.645","18.265","15.189","22.28M","-6.73%"
"10-11-2022","17.638","14.016","18.805","13.193","41.67M","25.84%"
"09-11-2022","14.016","24.335","24.344","12.445","50.78M","-42.35%"
"08-11-2022","24.314","29.616","31.512","21.003","40.35M","-17.86%"
"07-11-2022","29.599","32.627","33.105","28.445","13.55M","-9.28%"
"06-11-2022","32.627","36.893","37.035","32.408","6.47M","-11.52%"
"05-11-2022","36.874","33.740","38.729","33.683","10.20M","9.30%"
"04-11-2022","33.737","30.860","34.183","30.667","6.11M","9.32%"
"03-11-2022","30.860","30.810","32.223","30.624","3.30M","0.15%"
"02-11-2022","30.813","32.210","32.930","30.240","5.04M","-4.32%"
"01-11-2022","32.203","32.564","33.386","32.160","3.01M","-1.13%"
"31-10-2022","32.571","32.940","34.363","32.223","4.82M","-1.10%"
"30-10-2022","32.933","32.873","33.533","31.994","2.94M","0.18%"
"29-10-2022","32.873","32.056","33.830","31.856","4.91M","2.56%"
"28-10-2022","32.053","30.590","32.524","30.130","4.47M","4.76%"
"27-10-2022","30.596","31.303","32.243","30.486","5.30M","-2.23%"
"26-10-2022","31.294","30.883","32.064","30.684","5.51M","1.32%"
"25-10-2022","30.887","28.302","32.280","28.053","6.62M","9.14%"
"24-10-2022","28.300","29.295","29.472","28.178","3.35M","-3.39%"
"23-10-2022","29.293","28.005","29.405","27.843","2.88M","4.59%"
"22-10-2022","28.008","28.103","28.173","27.500","1.81M","-0.34%"
"21-10-2022","28.103","28.031","28.283","26.864","4.55M","0.24%"
"20-10-2022","28.037","28.857","29.463","27.997","3.59M","-2.84%"
"19-10-2022","28.857","30.140","30.240","28.766","2.59M","-4.26%"
"18-10-2022","30.140","31.213","31.470","29.803","3.03M","-3.44%"
"17-10-2022","31.213","30.167","31.283","29.837","2.48M","3.47%"
"16-10-2022","30.167","29.594","30.506","29.576","1.33M","1.96%"
"15-10-2022","29.588","30.000","30.197","29.454","1.64M","-1.39%"
"14-10-2022","30.004","30.507","31.967","29.643","3.67M","-1.65%"
"13-10-2022","30.507","31.156","31.200","27.983","6.67M","-2.09%"
"12-10-2022","31.156","30.806","31.514","30.683","1.63M","1.12%"
"11-10-2022","30.810","31.937","31.954","30.490","3.06M","-3.52%"
"10-10-2022","31.934","32.923","33.433","31.926","2.45M","-3.01%"
"09-10-2022","32.923","32.584","33.134","32.444","1.36M","1.07%"
"08-10-2022","32.576","32.970","33.070","32.398","1.40M","-1.23%"
"07-10-2022","32.980","33.356","33.769","32.452","3.07M","-1.17%"
"06-10-2022","33.369","34.036","34.494","33.254","3.24M","-1.97%"
"05-10-2022","34.040","34.101","34.364","33.229","3.08M","-0.18%"
"04-10-2022","34.101","32.884","34.391","32.844","3.12M","3.69%"
"03-10-2022","32.888","32.064","33.251","31.797","3.12M","2.57%"
"02-10-2022","32.064","32.437","33.010","31.932","2.41M","-1.17%"
"01-10-2022","32.443","33.246","33.246","32.400","2.19M","-2.41%"
"30-09-2022","33.243","33.921","35.173","32.661","6.28M","-1.99%"
"29-09-2022","33.917","33.213","34.410","32.697","4.29M","2.12%"
"28-09-2022","33.213","32.690","33.780","31.677","4.70M","1.60%"
"27-09-2022","32.690","33.887","35.352","32.128","6.49M","-3.53%"
"26-09-2022","33.887","32.316","33.940","31.890","4.84M","4.89%"
"25-09-2022","32.306","33.383","34.037","31.953","2.88M","-3.33%"
"24-09-2022","33.417","33.667","34.744","33.189","4.45M","-0.75%"
"23-09-2022","33.670","32.417","33.950","31.257","5.11M","3.87%"
"22-09-2022","32.415","30.706","32.850","30.607","4.08M","5.38%"
"21-09-2022","30.761","31.413","33.374","30.110","6.19M","-2.08%"
"20-09-2022","31.413","32.623","32.870","31.336","3.61M","-3.71%"
"19-09-2022","32.623","31.103","33.033","30.637","4.81M","4.90%"
"18-09-2022","31.100","33.695","33.987","30.875","3.15M","-7.74%"
"17-09-2022","33.711","32.243","33.890","32.227","1.93M","4.58%"
"16-09-2022","32.233","33.088","33.202","31.541","3.29M","-2.58%"
"15-09-2022","33.088","34.113","34.755","32.564","4.83M","-3.00%"
"14-09-2022","34.113","32.996","34.326","32.763","4.33M","3.39%"
"13-09-2022","32.996","37.453","38.916","32.976","8.91M","-11.91%"
"12-09-2022","37.458","35.006","38.296","34.426","7.16M","7.05%"
"11-09-2022","34.990","35.039","35.974","34.080","2.94M","-0.19%"
"10-09-2022","35.055","34.683","35.402","34.280","2.89M","0.97%"
"09-09-2022","34.719","33.603","35.889","33.593","5.48M","3.32%"
"08-09-2022","33.603","32.697","33.880","32.037","4.17M","2.82%"
"07-09-2022","32.681","30.872","32.921","30.380","3.57M","5.86%"
"06-09-2022","30.872","32.160","33.850","30.549","6.34M","-3.99%"
"05-09-2022","32.157","32.151","32.485","31.160","2.30M","0.08%"
"04-09-2022","32.130","31.124","32.176","31.024","1.88M","3.25%"
"03-09-2022","31.120","31.250","31.273","30.817","1.33M","-0.44%"
"02-09-2022","31.257","31.600","32.376","30.796","3.46M","-1.10%"
"01-09-2022","31.603","31.507","31.766","30.486","3.35M","0.31%"
"31-08-2022","31.507","31.454","32.904","31.197","4.12M","0.20%"
"30-08-2022","31.443","32.417","33.123","30.713","5.40M","-3.01%"
"29-08-2022","32.420","30.362","32.613","30.030","5.71M","6.89%"
"28-08-2022","30.330","31.526","32.174","30.236","3.29M","-3.79%"
"27-08-2022","31.523","31.750","32.243","30.890","4.38M","-0.73%"
"26-08-2022","31.756","35.277","35.716","31.448","7.56M","-10.01%"
"25-08-2022","35.290","34.892","36.470","34.886","3.82M","1.13%"
"24-08-2022","34.896","35.653","36.362","34.317","4.21M","-2.13%"
"23-08-2022","35.657","35.432","36.090","34.262","4.21M","0.58%"
"22-08-2022","35.450","36.458","36.530","33.812","6.22M","-2.77%"
"21-08-2022","36.458","35.280","37.013","34.587","5.44M","3.34%"
"20-08-2022","35.280","35.876","37.254","34.294","6.96M","-1.57%"
"19-08-2022","35.844","39.488","39.573","35.435","10.31M","-9.25%"
"18-08-2022","39.495","40.519","41.654","39.443","4.61M","-2.53%"
"17-08-2022","40.519","43.100","44.684","40.209","6.81M","-6.05%"
"16-08-2022","43.127","43.713","44.296","42.595","5.08M","-1.33%"
"15-08-2022","43.710","44.870","47.192","42.777","6.25M","-2.60%"
"14-08-2022","44.876","46.566","48.019","44.489","4.98M","-3.64%"
"13-08-2022","46.569","45.446","48.341","45.289","6.81M","2.49%"
"12-08-2022","45.439","42.762","45.477","42.173","4.91M","6.27%"
"11-08-2022","42.757","42.462","45.263","42.363","7.68M","0.70%"
"10-08-2022","42.462","40.353","42.725","39.167","6.41M","5.23%"
"09-08-2022","40.353","42.196","42.740","39.841","4.15M","-4.44%"
"08-08-2022","42.230","40.603","43.664","40.570","5.25M","4.03%"
"07-08-2022","40.594","40.076","41.530","39.239","2.55M","1.35%"
"06-08-2022","40.055","40.560","40.893","39.877","2.31M","-1.28%"
"05-08-2022","40.573","38.807","41.290","38.733","5.15M","4.56%"